{
  "$schema": "./node_modules/@angular/cli/lib/config/schema.json",
  "project": {
    "name": "ng2angle"
  },
  "apps": [
    {
      "root": "src",
      "outDir": "dist",
      "assets": [
        "assets",
        "favicon.ico"
      ],
      "index": "index.html",
      "main": "main.ts",
      "polyfills": "polyfills.ts",
      "test": "test.ts",
      "tsconfig": "tsconfig.app.json",
      "testTsconfig": "tsconfig.spec.json",
      "prefix": "app",
      "styles": [
        "app/core/preloader/preloader.scss",
        "styles.scss"
      ],
      "scripts": [
        "../node_modules/jquery/dist/jquery.js",
        "app/core/preloader/preloader.js",
        "../node_modules/flot/jquery.flot.js",
        "../node_modules/jquery.flot.tooltip/js/jquery.flot.tooltip.js",
        "../node_modules/flot/jquery.flot.resize.js",
        "../node_modules/flot/jquery.flot.pie.js",
        "../node_modules/flot/jquery.flot.time.js",
        "../node_modules/flot/jquery.flot.categories.js",
        "../node_modules/jquery.flot.spline/jquery.flot.spline.js",
        "../node_modules/jquery-sparkline/jquery.sparkline.js",
        "../node_modules/easy-pie-chart/dist/easypiechart.js",
        "../node_modules/chart.js/dist/Chart.bundle.js",
        "../node_modules/jqcloud2/dist/jqcloud.js",
        "../node_modules/bootstrap/js/modal.js",
        "../node_modules/bootstrap/js/dropdown.js",
        "../node_modules/bootstrap/js/tooltip.js",
        "../node_modules/summernote/dist/summernote.js",
        "../node_modules/moment/min/moment-with-locales.min.js",
        "../node_modules/fullcalendar/dist/fullcalendar.js"
      ],
      "environmentSource": "environments/environment.ts",
      "environments": {
        "dev": "environments/environment.ts",
        "prod": "environments/environment.prod.ts"
      }
    }
  ],
  "e2e": {
    "protractor": {
      "config": "./protractor.conf.js"
    }
  },
  "lint": [
    {
      "project": "src/tsconfig.app.json"
    },
    {
      "project": "src/tsconfig.spec.json"
    },
    {
      "project": "e2e/tsconfig.e2e.json"
    }
  ],
  "test": {
    "karma": {
      "config": "./karma.conf.js"
    }
  },
  "defaults": {
    "styleExt": "scss",
    "prefixInterfaces": false,
    "inline": {
      "style": false,
      "template": false
    },
    "spec": {
      "class": false,
      "component": true,
      "directive": true,
      "module": false,
      "pipe": true,
      "service": true
    }
  }
}
